epoch,loss,val_loss
0,2.48239803314209,NA
1,2.1005613803863525,NA
2,2.032766103744507,NA
3,1.945252537727356,NA
4,1.8225735425949097,NA
5,1.758595585823059,NA
6,1.7740569114685059,NA
7,1.7505775690078735,NA
8,1.7069169282913208,NA
9,1.6234705448150635,NA
10,1.6813544034957886,NA
11,1.6366387605667114,NA
12,1.6476839780807495,NA
13,1.5654184818267822,NA
14,1.5977187156677246,NA
15,1.5701501369476318,NA
16,1.597366213798523,NA
17,1.5463229417800903,NA
18,1.5280946493148804,NA
19,1.5488717555999756,NA
